{
  "HDF5 Write (100K samples)": {
    "avg": 0.009909099976842603,
    "std": 0.0023159901441685256,
    "min": 0.007746199960820377,
    "max": 0.013120600022375584,
    "iterations": 3,
    "avg_mem_mb": 0,
    "avg_cpu_percent": 0.0
  },
  "CSV Write (10K samples)": {
    "avg": 0.07078583332865189,
    "std": 0.005600059916191304,
    "min": 0.06591830006800592,
    "max": 0.07862990000285208,
    "iterations": 3,
    "avg_mem_mb": 0.00390625,
    "avg_cpu_percent": 77.8
  },
  "Config Override (4 levels)": {
    "avg": 5.91999851167202e-06,
    "std": 6.896338567013226e-06,
    "min": 3.00002284348011e-06,
    "max": 2.629996743053198e-05,
    "iterations": 10,
    "avg_mem_mb": 0,
    "avg_cpu_percent": 0.0
  },
  "Timestamp Diff (4 ops)": {
    "avg": 7.074997993186116e-06,
    "std": 4.826098638958703e-06,
    "min": 6.199930794537067e-06,
    "max": 5.439994856715202e-05,
    "iterations": 100,
    "avg_mem_mb": 0,
    "avg_cpu_percent": 0.0
  },
  "Array Operations (1M elements)": {
    "avg": 0.15717586665414274,
    "std": 0.0065901981016559365,
    "min": 0.1493064999813214,
    "max": 0.16543499997351319,
    "iterations": 3,
    "avg_mem_mb": 0,
    "avg_cpu_percent": 99.9
  }
}