{
  "Config Override (4 levels)": {
    "avg": 4.250009078532458e-06,
    "std": 6.100545057934221e-06,
    "min": 1.300009898841381e-06,
    "max": 2.210005186498165e-05,
    "iterations": 10
  },
  "Timestamp Diff (4 ops)": {
    "avg": 4.3429993093013765e-06,
    "std": 4.948848984571788e-06,
    "min": 3.5999109968543053e-06,
    "max": 5.330005660653114e-05,
    "iterations": 100
  },
  "Array Operations (1M elements)": {
    "avg": 0.08033309997214626,
    "std": 0.003802328607129982,
    "min": 0.07497109996620566,
    "max": 0.08336519997101277,
    "iterations": 3
  }
}